game_id,game_date,start_time,captured_at,home_team,away_team,home_lag30_winrate,away_lag30_winrate,lag30_winrate_diff,home_lag30_runs_for_avg,away_lag30_runs_for_avg,home_lag30_runs_against_avg,away_lag30_runs_against_avg,lag30_runs_diff,home_rest_days,away_rest_days,rest_diff,home_back2back,away_back2back,back2back_diff,home_games_last_3d,away_games_last_3d,games_last_3d_diff,home_games_last_7d,away_games_last_7d,games_last_7d_diff,rest_pressure_diff,home_log5_strength,away_log5_strength,log5_prob,home_elo_momentum_7d,away_elo_momentum_7d,elo_momentum_7d,home_elo_momentum_30d,away_elo_momentum_30d,elo_momentum_30d,team_form_source_status,team_form_reason,team_form_captured_at
822727,2026-06-03,2026-06-03T17:05:00+00:00,2026-06-03T14:02:07.840520+00:00,Washington Nationals,Miami Marlins,0.5556,0.4286,0.127,5.5556,4.2143,5.1852,4.9286,1.0847,1,1,0,True,True,0,3,3,0,6,6,0,0.0,0.5556,0.4286,0.625,-0.1667,-0.1667,0.0,0.0556,-0.0714,0.127,ok,"recent_schedule_notes=Washington Nationals:ok,Miami Marlins:ok",2026-06-09T22:44:45.157673+00:00
822728,2026-06-02,2026-06-02T22:45:00+00:00,2026-06-02T21:54:22.349462+00:00,Washington Nationals,Miami Marlins,0.5926,0.3929,0.1997,5.5556,4.0357,5.0,5.0714,1.5913,1,1,0,True,True,0,3,3,0,6,6,0,0.0,0.5926,0.3929,0.6921,0.0,-0.3333,0.3333,0.0926,-0.1071,0.1997,ok,"recent_schedule_notes=Washington Nationals:ok,Miami Marlins:ok",2026-06-09T22:44:45.157673+00:00
822729,2026-05-31,2026-05-31T17:35:00+00:00,2026-05-31T16:07:50.641249+00:00,Washington Nationals,San Diego Padres,0.5556,0.4815,0.0741,5.3704,3.1852,5.037,3.6296,0.7778,1,1,0,True,True,0,2,2,0,6,6,0,0.0,0.5556,0.4815,0.5738,0.1667,-0.3333,0.5,0.0556,-0.0185,0.0741,ok,"recent_schedule_notes=Washington Nationals:ok,San Diego Padres:ok",2026-06-09T22:44:45.157673+00:00
822730,2026-06-01,2026-06-01T22:45:00+00:00,2026-06-01T21:56:45.773595+00:00,Washington Nationals,Miami Marlins,0.5926,0.3929,0.1997,5.4815,3.9286,4.8889,4.9643,1.6283,1,1,0,True,True,0,3,3,0,6,6,0,0.0,0.5926,0.3929,0.6921,0.1667,-0.3333,0.5,0.0926,-0.1071,0.1997,ok,"recent_schedule_notes=Washington Nationals:ok,Miami Marlins:ok",2026-06-09T22:44:45.157673+00:00
822731,2026-05-30,2026-05-30T20:05:00+00:00,2026-05-30T19:14:08.902169+00:00,Washington Nationals,San Diego Padres,0.5556,0.5,0.0556,5.2222,3.1538,5.037,3.4231,0.4544,1,1,0,True,True,0,2,2,0,6,6,0,0.0,0.5556,0.5,0.5556,0.1667,-0.1667,0.3333,0.0556,0.0,0.0556,ok,"recent_schedule_notes=Washington Nationals:ok,San Diego Padres:ok",2026-06-09T22:44:45.157673+00:00
822805,2026-06-09,2026-06-09T23:07:00+00:00,2026-06-09T22:25:45.628325+00:00,Toronto Blue Jays,Philadelphia Phillies,0.5,0.6786,-0.1786,3.9643,3.8929,4.2857,3.1429,-1.0714,1,1,0,True,True,0,3,3,0,7,7,0,0.0,0.5,0.6786,0.3214,-0.0714,0.3571,-0.4286,0.0,0.1786,-0.1786,ok,"recent_schedule_notes=Toronto Blue Jays:ok,Philadelphia Phillies:ok",2026-06-09T22:44:45.157673+00:00
822806,2026-06-08,2026-06-08T23:07:00+00:00,2026-06-08T22:28:08.345647+00:00,Toronto Blue Jays,Philadelphia Phillies,0.5357,0.6786,-0.1429,4.3929,4.0357,4.1429,3.1786,-0.6071,1,1,0,True,True,0,3,3,0,6,6,0,0.0,0.5357,0.6786,0.3534,0.0,0.3333,-0.3333,0.0357,0.1786,-0.1429,ok,"recent_schedule_notes=Toronto Blue Jays:ok,Philadelphia Phillies:ok",2026-06-09T22:44:45.157673+00:00
822807,2026-06-07,2026-06-07T17:37:00+00:00,2026-06-07T10:56:39.401112+00:00,Toronto Blue Jays,Baltimore Orioles,0.5357,0.5,0.0357,4.25,4.7143,4.0,4.5357,0.0714,1,1,0,True,True,0,3,3,0,6,6,0,0.0,0.5357,0.5,0.5357,-0.1667,0.1667,-0.3333,0.0357,0.0,0.0357,ok,"recent_schedule_notes=Toronto Blue Jays:ok,Baltimore Orioles:ok",2026-06-09T22:44:45.157673+00:00
822808,2026-06-06,2026-06-06T19:07:00+00:00,2026-06-06T13:40:39.003341+00:00,Toronto Blue Jays,Baltimore Orioles,0.5185,0.5,0.0185,4.1852,4.6786,4.0,4.4643,-0.0291,1,1,0,True,True,0,3,3,0,6,6,0,0.0,0.5185,0.5,0.5185,-0.3333,0.3333,-0.6667,0.0185,0.0,0.0185,ok,"recent_schedule_notes=Toronto Blue Jays:ok,Baltimore Orioles:ok",2026-06-09T22:44:45.157673+00:00
822810,2026-06-05,2026-06-05T23:07:00+00:00,2026-06-05T21:25:18.854859+00:00,Toronto Blue Jays,Baltimore Orioles,0.5185,0.5,0.0185,4.0741,4.4643,3.6296,4.5,0.4802,1,1,0,True,True,0,3,3,0,6,6,0,0.0,0.5185,0.5,0.5185,-0.1667,0.1667,-0.3333,0.0185,0.0,0.0185,ok,"recent_schedule_notes=Toronto Blue Jays:ok,Baltimore Orioles:ok",2026-06-09T22:44:45.157673+00:00
822890,2026-06-07,2026-06-07T18:35:00+00:00,2026-06-07T10:56:39.401112+00:00,Texas Rangers,Cleveland Guardians,0.5161,0.6071,-0.091,4.1613,4.0,3.7097,3.5,-0.0484,1,1,0,True,True,0,3,4,-1,7,7,0,0.35,0.5161,0.6071,0.4084,0.2143,-0.0714,0.2857,0.0161,0.1071,-0.091,ok,"recent_schedule_notes=Texas Rangers:ok,Cleveland Guardians:ok",2026-06-09T22:44:45.157673+00:00
822891,2026-06-06,2026-06-06T23:35:00+00:00,2026-06-06T13:40:39.003341+00:00,Texas Rangers,Cleveland Guardians,0.5,0.6296,-0.1296,4.2667,4.1481,3.8667,3.7037,-0.0444,1,1,0,True,True,0,2,3,-1,7,6,1,0.2,0.5,0.6296,0.3704,0.3571,-0.1667,0.5238,0.0,0.1296,-0.1296,ok,"recent_schedule_notes=Texas Rangers:ok,Cleveland Guardians:ok",2026-06-09T22:44:45.157673+00:00
822892,2026-06-05,2026-06-06T00:15:00+00:00,2026-06-05T23:08:37.410209+00:00,Texas Rangers,Cleveland Guardians,0.5,0.6667,-0.1667,4.3667,4.1852,3.8333,3.6296,-0.0222,2,1,1,False,True,-1,2,3,-1,8,6,2,0.55,0.5,0.6667,0.3333,0.25,0.0,0.25,0.0,0.1667,-0.1667,ok,"recent_schedule_notes=Texas Rangers:ok,Cleveland Guardians:ok",2026-06-09T22:44:45.157673+00:00
822893,2026-05-30,2026-05-30T20:05:00+00:00,2026-05-30T19:14:08.902169+00:00,Texas Rangers,Kansas City Royals,0.3929,0.3704,0.0225,3.8571,3.2963,4.2143,4.6296,0.9762,1,1,0,True,True,0,5,2,3,9,6,3,-1.5,0.3929,0.3704,0.5238,-0.2778,-0.1667,-0.1111,-0.1071,-0.1296,0.0225,ok,"recent_schedule_notes=Texas Rangers:ok,Kansas City Royals:ok",2026-06-09T22:44:45.157673+00:00
822895,2026-05-31,2026-05-31T18:35:00+00:00,2026-05-31T18:01:13.612831+00:00,Texas Rangers,Kansas City Royals,0.4333,0.3571,0.0762,4.1333,3.3214,4.1667,4.8214,1.4667,1,1,0,True,True,0,6,3,3,10,7,3,-1.5,0.4333,0.3571,0.5792,-0.1,-0.3571,0.2571,-0.0667,-0.1429,0.0762,ok,"recent_schedule_notes=Texas Rangers:ok,Kansas City Royals:ok",2026-06-09T22:44:45.157673+00:00
822969,2026-06-09,2026-06-09T22:40:00+00:00,2026-06-09T22:25:45.628325+00:00,Tampa Bay Rays,Boston Red Sox,0.52,0.4,0.12,4.76,3.8,5.08,3.88,-0.24,1,1,0,True,True,0,3,2,1,6,6,0,-0.35,0.52,0.4,0.619,-0.1667,-0.1667,0.0,0.02,-0.1,0.12,ok,"recent_schedule_notes=Tampa Bay Rays:ok,Boston Red Sox:ok",2026-06-09T22:44:45.157673+00:00
822971,2026-06-02,2026-06-02T22:40:00+00:00,2026-06-02T21:54:22.349462+00:00,Tampa Bay Rays,Detroit Tigers,0.64,0.25,0.39,5.04,3.0714,4.56,4.75,2.1586,1,1,0,True,True,0,3,3,0,6,7,-1,0.15,0.64,0.25,0.8421,-0.1667,-0.2143,0.0476,0.14,-0.25,0.39,ok,"recent_schedule_notes=Tampa Bay Rays:ok,Detroit Tigers:ok",2026-06-09T22:44:45.157673+00:00
822972,2026-06-08,2026-06-08T22:40:00+00:00,2026-06-08T22:28:08.345647+00:00,Tampa Bay Rays,Boston Red Sox,0.5,0.4167,0.0833,4.8333,3.9167,5.25,3.9167,-0.4167,1,1,0,True,True,0,3,2,1,6,5,1,-0.5,0.5,0.4167,0.5833,-0.3333,-0.1,-0.2333,0.0,-0.0833,0.0833,ok,"recent_schedule_notes=Tampa Bay Rays:ok,Boston Red Sox:ok",2026-06-09T22:44:45.157673+00:00
822973,2026-06-03,2026-06-03T17:10:00+00:00,2026-06-03T14:02:07.840520+00:00,Tampa Bay Rays,Detroit Tigers,0.6,0.25,0.35,4.96,3.1071,4.84,4.7143,1.7271,1,1,0,True,True,0,3,3,0,6,7,-1,0.15,0.6,0.25,0.8182,-0.1667,-0.0714,-0.0952,0.1,-0.25,0.35,ok,"recent_schedule_notes=Tampa Bay Rays:ok,Detroit Tigers:ok",2026-06-09T22:44:45.157673+00:00
822974,2026-06-01,2026-06-01T22:40:00+00:00,2026-06-01T21:56:45.773595+00:00,Tampa Bay Rays,Detroit Tigers,0.68,0.25,0.43,4.88,2.8929,4.2,4.4643,2.2514,1,1,0,True,True,0,3,3,0,6,6,0,0.0,0.68,0.25,0.8644,-0.1667,-0.3333,0.1667,0.18,-0.25,0.43,ok,"recent_schedule_notes=Tampa Bay Rays:ok,Detroit Tigers:ok",2026-06-09T22:44:45.157673+00:00
822975,2026-05-30,2026-05-30T20:10:00+00:00,2026-05-30T19:14:08.902169+00:00,Tampa Bay Rays,Los Angeles Angels,0.7083,0.3846,0.3237,4.875,3.4231,3.7083,5.2692,3.0128,1,1,0,True,True,0,2,3,-1,5,6,-1,0.5,0.7083,0.3846,0.7953,-0.3,0.1667,-0.4667,0.2083,-0.1154,0.3237,ok,"recent_schedule_notes=Tampa Bay Rays:ok,Los Angeles Angels:ok",2026-06-09T22:44:45.157673+00:00
822976,2026-05-31,2026-05-31T17:40:00+00:00,2026-05-31T16:07:50.641249+00:00,Tampa Bay Rays,Los Angeles Angels,0.68,0.4074,0.2726,4.8,3.8148,4.12,5.1852,2.0504,1,1,0,True,True,0,2,3,-1,6,6,0,0.35,0.68,0.4074,0.7556,-0.3333,0.1667,-0.5,0.18,-0.0926,0.2726,ok,"recent_schedule_notes=Tampa Bay Rays:ok,Los Angeles Angels:ok",2026-06-09T22:44:45.157673+00:00
823047,2026-06-07,2026-06-07T18:15:00+00:00,2026-06-07T10:56:39.401112+00:00,St. Louis Cardinals,Cincinnati Reds,0.5,0.4231,0.0769,4.1154,4.5769,4.0,5.5769,1.1154,1,1,0,True,True,0,3,3,0,7,7,0,0.0,0.5,0.4231,0.5769,0.2143,-0.2143,0.4286,0.0,-0.0769,0.0769,ok,"recent_schedule_notes=St. Louis Cardinals:ok,Cincinnati Reds:ok",2026-06-09T22:44:45.157673+00:00
823048,2026-06-06,2026-06-06T18:15:00+00:00,2026-06-06T13:40:39.003341+00:00,St. Louis Cardinals,Cincinnati Reds,0.48,0.44,0.04,3.72,4.56,3.88,5.48,0.76,1,1,0,True,True,0,2,2,0,6,6,0,0.0,0.48,0.44,0.5402,0.0,-0.1667,0.1667,-0.02,-0.06,0.04,ok,"recent_schedule_notes=St. Louis Cardinals:ok,Cincinnati Reds:ok",2026-06-09T22:44:45.157673+00:00
823049,2026-06-05,2026-06-06T00:15:00+00:00,2026-06-05T23:08:37.410209+00:00,St. Louis Cardinals,Cincinnati Reds,0.44,0.44,0.0,3.4,4.68,4.0,5.36,0.08,2,2,0,False,False,0,2,2,0,6,6,0,0.0,0.44,0.44,0.5,0.0,-0.1667,0.1667,-0.06,-0.06,0.0,ok,"recent_schedule_notes=St. Louis Cardinals:ok,Cincinnati Reds:ok",2026-06-09T22:44:45.157673+00:00
823050,2026-06-01,2026-06-01T23:45:00+00:00,2026-06-01T23:03:22.306671+00:00,St. Louis Cardinals,Texas Rangers,0.48,0.4333,0.0467,3.4,4.1667,3.88,4.1333,-0.5133,1,1,0,True,True,0,3,5,-2,6,10,-4,1.3,0.48,0.4333,0.5469,-0.1667,0.0,-0.1667,-0.02,-0.0667,0.0467,ok,"recent_schedule_notes=St. Louis Cardinals:ok,Texas Rangers:ok",2026-06-09T22:44:45.157673+00:00
823051,2026-06-03,2026-06-03T23:45:00+00:00,2026-06-03T23:43:03.467080+00:00,St. Louis Cardinals,Texas Rangers,0.44,0.5,-0.06,3.44,4.4,4.0,3.9,-1.06,1,1,0,True,True,0,3,3,0,6,10,-4,0.6,0.44,0.5,0.44,-0.1667,0.1,-0.2667,-0.06,0.0,-0.06,ok,"recent_schedule_notes=St. Louis Cardinals:ok,Texas Rangers:ok",2026-06-09T22:44:45.157673+00:00
823052,2026-06-02,2026-06-02T23:45:00+00:00,2026-06-02T23:02:12.073800+00:00,St. Louis Cardinals,Texas Rangers,0.44,0.4667,-0.0267,3.32,4.2,3.88,4.0,-0.76,1,1,0,True,True,0,3,4,-1,6,10,-4,0.95,0.44,0.4667,0.4731,-0.1667,0.1,-0.2667,-0.06,-0.0333,-0.0267,ok,"recent_schedule_notes=St. Louis Cardinals:ok,Texas Rangers:ok",2026-06-09T22:44:45.157673+00:00
823053,2026-05-31,2026-05-31T23:20:00+00:00,2026-05-31T23:09:04.009586+00:00,St. Louis Cardinals,Chicago Cubs,0.48,0.4643,0.0157,3.48,4.0714,3.92,4.5,-0.0114,1,1,0,True,True,0,2,3,-1,5,7,-2,0.65,0.48,0.4643,0.5158,-0.3,-0.0714,-0.2286,-0.02,-0.0357,0.0157,ok,"recent_schedule_notes=St. Louis Cardinals:ok,Chicago Cubs:ok",2026-06-09T22:44:45.157673+00:00
823054,2026-05-30,2026-05-30T23:15:00+00:00,2026-05-30T22:01:24.114016+00:00,St. Louis Cardinals,Chicago Cubs,0.52,0.4444,0.0756,3.84,4.0,3.88,4.6296,0.5896,1,1,0,True,True,0,2,3,-1,6,7,-1,0.5,0.52,0.4444,0.5752,-0.1667,-0.2143,0.0476,0.02,-0.0556,0.0756,ok,"recent_schedule_notes=St. Louis Cardinals:ok,Chicago Cubs:ok",2026-06-09T22:44:45.157673+00:00
823129,2026-06-02,2026-06-03T01:40:00+00:00,2026-06-02T23:02:12.073800+00:00,Seattle Mariners,New York Mets,0.6207,0.5556,0.0651,4.4138,4.7407,3.3448,3.963,0.2912,1,1,0,True,True,0,5,3,2,8,6,2,-1.0,0.6207,0.5556,0.5669,0.5,0.1667,0.3333,0.1207,0.0556,0.0651,ok,"recent_schedule_notes=Seattle Mariners:ok,New York Mets:ok",2026-06-09T22:44:45.157673+00:00
823130,2026-06-03,2026-06-03T19:40:00+00:00,2026-06-03T18:23:52.453650+00:00,Seattle Mariners,New York Mets,0.6667,0.5,0.1667,4.6,4.5714,3.2667,4.1786,0.9405,1,1,0,True,True,0,5,4,1,9,7,2,-0.65,0.6667,0.5,0.6667,0.5,0.0714,0.4286,0.1667,0.0,0.1667,ok,"recent_schedule_notes=Seattle Mariners:ok,New York Mets:ok",2026-06-09T22:44:45.157673+00:00
823131,2026-06-01,2026-06-02T01:40:00+00:00,2026-06-01T23:03:22.306671+00:00,Seattle Mariners,New York Mets,0.5862,0.5556,0.0307,4.3793,4.7778,3.3793,4.0,0.2222,1,1,0,True,True,0,5,3,2,8,6,2,-1.0,0.5862,0.5556,0.5312,0.5,0.1667,0.3333,0.0862,0.0556,0.0307,ok,"recent_schedule_notes=Seattle Mariners:ok,New York Mets:ok",2026-06-09T22:44:45.157673+00:00
823132,2026-05-30,2026-05-31T02:10:00+00:00,2026-05-30T22:01:24.114016+00:00,Seattle Mariners,Arizona Diamondbacks,0.5,0.5556,-0.0556,4.3462,4.4815,3.6538,3.5556,-0.2336,1,1,0,True,True,0,2,2,0,6,6,0,0.0,0.5,0.5556,0.4444,0.1667,0.3333,-0.1667,0.0,0.0556,-0.0556,ok,"recent_schedule_notes=Seattle Mariners:ok,Arizona Diamondbacks:ok",2026-06-09T22:44:45.157673+00:00
823133,2026-05-31,2026-05-31T20:10:00+00:00,2026-05-31T20:07:12.119028+00:00,Seattle Mariners,Arizona Diamondbacks,0.5357,0.5357,0.0,4.4643,4.5357,3.6429,3.3929,-0.3214,1,1,0,True,True,0,3,3,0,7,7,0,0.0,0.5357,0.5357,0.5,0.3571,0.0714,0.2857,0.0357,0.0357,0.0,ok,"recent_schedule_notes=Seattle Mariners:ok,Arizona Diamondbacks:ok",2026-06-09T22:44:45.157673+00:00
823214,2026-06-09,2026-06-10T01:45:00+00:00,2026-06-09T22:25:45.628325+00:00,San Francisco Giants,Washington Nationals,0.4194,0.5714,-0.1521,5.2581,5.5357,5.4516,4.5357,-1.1935,1,1,0,True,True,0,4,4,0,8,7,1,-0.15,0.4194,0.5714,0.3514,0.125,0.0714,0.0536,-0.0806,0.0714,-0.1521,ok,"recent_schedule_notes=San Francisco Giants:ok,Washington Nationals:ok",2026-06-09T22:44:45.157673+00:00
823218,2026-06-08,2026-06-09T01:45:00+00:00,2026-06-08T23:48:33.404711+00:00,San Francisco Giants,Washington Nationals,0.4,0.5357,-0.1357,5.3667,5.6429,5.9,4.7143,-1.4619,1,1,0,True,True,0,3,4,-1,7,7,0,0.35,0.4,0.5357,0.3662,0.0714,-0.0714,0.1429,-0.1,0.0357,-0.1357,ok,"recent_schedule_notes=San Francisco Giants:ok,Washington Nationals:ok",2026-06-09T22:44:45.157673+00:00
823289,2026-06-08,2026-06-09T01:40:00+00:00,2026-06-08T23:48:33.404711+00:00,San Diego Padres,Cincinnati Reds,0.4286,0.4231,0.0055,2.8929,4.6923,3.6786,5.3846,-0.0934,1,1,0,True,True,0,5,4,1,8,7,1,-0.5,0.4286,0.4231,0.5056,-0.25,-0.3571,0.1071,-0.0714,-0.0769,0.0055,ok,"recent_schedule_notes=San Diego Padres:ok,Cincinnati Reds:ok",2026-06-09T22:44:45.157673+00:00
823290,2026-06-09,2026-06-10T01:40:00+00:00,2026-06-09T22:25:45.628325+00:00,San Diego Padres,Cincinnati Reds,0.4286,0.3846,0.044,2.9643,4.6538,3.6786,5.5769,0.2088,1,1,0,True,True,0,5,4,1,9,7,2,-0.65,0.4286,0.3846,0.5455,-0.1667,-0.3571,0.1905,-0.0714,-0.1154,0.044,ok,"recent_schedule_notes=San Diego Padres:ok,Cincinnati Reds:ok",2026-06-09T22:44:45.157673+00:00
823291,2026-06-07,2026-06-07T20:10:00+00:00,2026-06-07T10:56:39.401112+00:00,San Diego Padres,New York Mets,0.4074,0.5,-0.0926,2.7778,4.4667,3.7037,3.8667,-1.5259,1,1,0,True,True,0,4,3,1,7,9,-2,-0.05,0.4074,0.5,0.4074,-0.3571,-0.0556,-0.3016,-0.0926,0.0,-0.0926,ok,"recent_schedule_notes=San Diego Padres:ok,New York Mets:ok",2026-06-09T22:44:45.157673+00:00
823292,2026-06-06,2026-06-07T02:10:00+00:00,2026-06-06T13:40:39.003341+00:00,San Diego Padres,New York Mets,0.3846,0.4828,-0.0981,2.8077,4.4483,3.6538,4.1034,-1.191,1,1,0,True,True,0,3,3,0,6,8,-2,0.3,0.3846,0.4828,0.4011,-0.5,0.0,-0.5,-0.1154,-0.0172,-0.0981,ok,"recent_schedule_notes=San Diego Padres:ok,New York Mets:ok",2026-06-09T22:44:45.157673+00:00
823293,2026-06-05,2026-06-06T01:40:00+00:00,2026-06-05T23:08:37.410209+00:00,San Diego Padres,New York Mets,0.4231,0.4828,-0.0597,3.0,4.6207,3.5,4.2759,-0.8448,1,2,-1,True,False,1,3,4,-1,6,8,-2,0.15,0.4231,0.4828,0.44,-0.3333,0.0,-0.3333,-0.0769,-0.0172,-0.0597,ok,"recent_schedule_notes=San Diego Padres:ok,New York Mets:ok",2026-06-09T22:44:45.157673+00:00
823373,2026-05-31,2026-05-31T17:35:00+00:00,2026-05-31T16:07:50.641249+00:00,Pittsburgh Pirates,Minnesota Twins,0.5556,0.4815,0.0741,5.1481,4.3704,4.6667,5.1111,1.2222,1,1,0,True,True,0,3,3,0,7,7,0,0.0,0.5556,0.4815,0.5738,0.2143,-0.2143,0.4286,0.0556,-0.0185,0.0741,ok,"recent_schedule_notes=Pittsburgh Pirates:ok,Minnesota Twins:ok",2026-06-09T22:44:45.157673+00:00
823374,2026-06-09,2026-06-09T22:40:00+00:00,2026-06-09T22:25:45.628325+00:00,Pittsburgh Pirates,Los Angeles Dodgers,0.4828,0.6667,-0.1839,5.4138,5.0278,5.2759,2.9444,-1.9454,2,2,0,False,False,0,2,4,-2,9,12,-3,1.15,0.4828,0.6667,0.3182,-0.0556,0.1667,-0.2222,-0.0172,0.1667,-0.1839,ok,"recent_schedule_notes=Pittsburgh Pirates:ok,Los Angeles Dodgers:ok",2026-06-09T22:44:45.157673+00:00
823375,2026-05-30,2026-05-30T20:05:00+00:00,2026-05-30T19:14:08.902169+00:00,Pittsburgh Pirates,Minnesota Twins,0.5185,0.5185,0.0,4.963,4.2963,4.7037,4.7778,0.7407,1,1,0,True,True,0,3,3,0,7,7,0,0.0,0.5185,0.5185,0.5,0.0714,-0.0714,0.1429,0.0185,0.0185,0.0,ok,"recent_schedule_notes=Pittsburgh Pirates:ok,Minnesota Twins:ok",2026-06-09T22:44:45.157673+00:00
823453,2026-06-07,2026-06-07T17:35:00+00:00,2026-06-07T10:56:39.401112+00:00,Philadelphia Phillies,Chicago White Sox,0.6429,0.6296,0.0132,3.9643,5.5556,3.3214,4.5185,-0.3942,1,1,0,True,True,0,3,2,1,7,6,1,-0.5,0.6429,0.6296,0.5143,0.2143,0.0,0.2143,0.1429,0.1296,0.0132,ok,"recent_schedule_notes=Philadelphia Phillies:ok,Chicago White Sox:ok",2026-06-09T22:44:45.157673+00:00
823454,2026-06-06,2026-06-06T20:05:00+00:00,2026-06-06T13:40:39.003341+00:00,Philadelphia Phillies,Chicago White Sox,0.6429,0.6154,0.0275,3.8929,5.5385,3.5357,4.5769,-0.6044,1,1,0,True,True,0,3,2,1,8,6,2,-0.65,0.6429,0.6154,0.5294,0.25,0.0,0.25,0.1429,0.1154,0.0275,ok,"recent_schedule_notes=Philadelphia Phillies:ok,Chicago White Sox:ok",2026-06-09T22:44:45.157673+00:00
823455,2026-06-05,2026-06-05T22:40:00+00:00,2026-06-05T21:25:18.854859+00:00,Philadelphia Phillies,Chicago White Sox,0.6429,0.6154,0.0275,3.8214,5.3846,3.4286,4.5769,-0.4148,1,2,-1,True,False,1,3,2,1,8,6,2,-1.15,0.6429,0.6154,0.5294,0.125,0.1667,-0.0417,0.1429,0.1154,0.0275,ok,"recent_schedule_notes=Philadelphia Phillies:ok,Chicago White Sox:ok",2026-06-09T22:44:45.157673+00:00
823456,2026-06-03,2026-06-03T22:40:00+00:00,2026-06-03T21:48:35.136209+00:00,Philadelphia Phillies,San Diego Padres,0.6429,0.4615,0.1813,3.8571,3.2308,3.25,3.4615,0.8379,1,1,0,True,True,0,3,2,1,7,5,2,-0.65,0.6429,0.4615,0.6774,0.0714,-0.3,0.3714,0.1429,-0.0385,0.1813,ok,"recent_schedule_notes=Philadelphia Phillies:ok,San Diego Padres:ok",2026-06-09T22:44:45.157673+00:00
823457,2026-06-04,2026-06-04T17:05:00+00:00,2026-06-04T14:58:51.159192+00:00,Philadelphia Phillies,San Diego Padres,0.6429,0.4615,0.1813,3.9286,3.2308,3.3214,3.4615,0.8379,1,1,0,True,True,0,2,2,0,7,5,2,-0.3,0.6429,0.4615,0.6774,0.0714,-0.3,0.3714,0.1429,-0.0385,0.1813,ok,"recent_schedule_notes=Philadelphia Phillies:ok,San Diego Padres:ok",2026-06-09T22:44:45.157673+00:00
823460,2026-06-02,2026-06-02T22:40:00+00:00,2026-06-02T21:54:22.349462+00:00,Philadelphia Phillies,San Diego Padres,0.6429,0.5,0.1429,4.0,3.3077,3.25,3.4615,0.9038,2,2,0,False,False,0,4,2,2,7,5,2,-1.0,0.6429,0.5,0.6429,0.0714,-0.3,0.3714,0.1429,0.0,0.1429,ok,"recent_schedule_notes=Philadelphia Phillies:ok,San Diego Padres:ok",2026-06-09T22:44:45.157673+00:00
823537,2026-06-07,2026-06-07T17:35:00+00:00,2026-06-07T10:56:39.401112+00:00,New York Yankees,Boston Red Sox,0.4444,0.4583,-0.0139,4.4815,3.9583,3.963,3.6667,0.2269,2,2,0,False,False,0,2,2,0,6,5,1,-0.15,0.4444,0.4583,0.486,-0.1667,0.1,-0.2667,-0.0556,-0.0417,-0.0139,ok,"recent_schedule_notes=New York Yankees:ok,Boston Red Sox:ok",2026-06-09T22:44:45.157673+00:00
823538,2026-06-05,2026-06-05T23:05:00+00:00,2026-06-05T21:25:18.854859+00:00,New York Yankees,Boston Red Sox,0.4643,0.44,0.0243,4.5714,3.92,3.9286,3.72,0.4429,1,1,0,True,True,0,3,3,0,8,6,2,-0.3,0.4643,0.44,0.5245,0.0,0.0,0.0,-0.0357,-0.06,0.0243,ok,"recent_schedule_notes=New York Yankees:ok,Boston Red Sox:ok",2026-06-09T22:44:45.157673+00:00
823539,2026-06-06,2026-06-06T23:35:00+00:00,2026-06-06T13:40:39.003341+00:00,New York Yankees,Boston Red Sox,0.4643,0.44,0.0243,4.6429,3.96,3.8929,3.84,0.63,1,1,0,True,True,0,3,3,0,8,6,2,-0.3,0.4643,0.44,0.5245,-0.125,0.1667,-0.2917,-0.0357,-0.06,0.0243,ok,"recent_schedule_notes=New York Yankees:ok,Boston Red Sox:ok",2026-06-09T22:44:45.157673+00:00
823540,2026-06-03,2026-06-03T23:05:00+00:00,2026-06-03T21:48:35.136209+00:00,New York Yankees,Cleveland Guardians,0.5,0.6296,-0.1296,5.0357,4.1481,3.8929,3.8148,0.8095,1,1,0,True,True,0,3,2,1,7,5,2,-0.65,0.5,0.6296,0.3704,0.0714,0.1,-0.0286,0.0,0.1296,-0.1296,ok,"recent_schedule_notes=New York Yankees:ok,Cleveland Guardians:ok",2026-06-09T22:44:45.157673+00:00
823541,2026-06-02,2026-06-02T23:05:00+00:00,2026-06-02T23:02:12.073800+00:00,New York Yankees,Cleveland Guardians,0.5357,0.5926,-0.0569,5.2857,3.8519,3.6786,3.9259,1.6812,2,2,0,False,False,0,4,2,2,7,5,2,-1.0,0.5357,0.5926,0.4424,0.2143,-0.1,0.3143,0.0357,0.0926,-0.0569,ok,"recent_schedule_notes=New York Yankees:ok,Cleveland Guardians:ok",2026-06-09T22:44:45.157673+00:00
823542,2026-06-04,2026-06-04T17:35:00+00:00,2026-06-04T14:58:51.159192+00:00,New York Yankees,Cleveland Guardians,0.4643,0.6667,-0.2024,4.75,4.2593,4.0357,3.7407,0.1958,1,1,0,True,True,0,2,2,0,7,5,2,-0.3,0.4643,0.6667,0.3023,-0.0714,0.1,-0.1714,-0.0357,0.1667,-0.2024,ok,"recent_schedule_notes=New York Yankees:ok,Cleveland Guardians:ok",2026-06-09T22:44:45.157673+00:00
823620,2026-06-09,2026-06-09T23:10:00+00:00,2026-06-09T22:25:45.628325+00:00,New York Mets,St. Louis Cardinals,0.5,0.52,-0.02,4.6333,4.16,3.9667,4.12,0.6267,2,2,0,False,False,0,4,3,1,9,6,3,-0.8,0.5,0.52,0.48,-0.0556,0.3333,-0.3889,0.0,0.02,-0.02,ok,"recent_schedule_notes=New York Mets:ok,St. Louis Cardinals:ok",2026-06-09T22:44:45.157673+00:00
823621,2026-05-31,2026-05-31T17:40:00+00:00,2026-05-31T16:07:50.641249+00:00,New York Mets,Miami Marlins,0.5556,0.3929,0.1627,4.5556,4.0714,4.0741,4.8214,1.2315,1,1,0,True,True,0,2,2,0,6,6,0,0.0,0.5556,0.3929,0.6589,0.0,-0.1667,0.1667,0.0556,-0.1071,0.1627,ok,"recent_schedule_notes=New York Mets:ok,Miami Marlins:ok",2026-06-09T22:44:45.157673+00:00
823622,2026-05-30,2026-05-30T20:10:00+00:00,2026-05-30T19:14:08.902169+00:00,New York Mets,Miami Marlins,0.5185,0.4074,0.1111,4.4815,4.1852,4.2222,4.7778,0.8519,1,1,0,True,True,0,2,2,0,6,6,0,0.0,0.5185,0.4074,0.6104,-0.1667,0.0,-0.1667,0.0185,-0.0926,0.1111,ok,"recent_schedule_notes=New York Mets:ok,Miami Marlins:ok",2026-06-09T22:44:45.157673+00:00
823696,2026-06-07,2026-06-07T18:10:00+00:00,2026-06-07T10:56:39.401112+00:00,Minnesota Twins,Kansas City Royals,0.5172,0.3103,0.2069,4.3103,3.4138,4.6897,4.8966,1.1034,1,1,0,True,True,0,4,4,0,8,8,0,0.0,0.5172,0.3103,0.7042,0.0,0.0,0.0,0.0172,-0.1897,0.2069,ok,"recent_schedule_notes=Minnesota Twins:ok,Kansas City Royals:ok",2026-06-09T22:44:45.157673+00:00
823697,2026-06-06,2026-06-06T18:10:00+00:00,2026-06-06T13:40:39.003341+00:00,Minnesota Twins,Kansas City Royals,0.5,0.2857,0.2143,4.3929,3.5,4.8929,5.1071,1.1071,1,1,0,True,True,0,3,3,0,7,8,-1,0.15,0.5,0.2857,0.7143,-0.0714,-0.125,0.0536,0.0,-0.2143,0.2143,ok,"recent_schedule_notes=Minnesota Twins:ok,Kansas City Royals:ok",2026-06-09T22:44:45.157673+00:00
823698,2026-06-04,2026-06-04T23:40:00+00:00,2026-06-04T22:20:52.609536+00:00,Minnesota Twins,Kansas City Royals,0.5,0.2857,0.2143,4.4643,3.3214,5.1429,4.9286,0.9286,1,1,0,True,True,0,3,3,0,7,7,0,0.0,0.5,0.2857,0.7143,-0.2143,-0.2143,0.0,0.0,-0.2143,0.2143,ok,"recent_schedule_notes=Minnesota Twins:ok,Kansas City Royals:ok",2026-06-09T22:44:45.157673+00:00
823699,2026-06-05,2026-06-06T00:15:00+00:00,2026-06-05T23:08:37.410209+00:00,Minnesota Twins,Kansas City Royals,0.4643,0.2857,0.1786,4.2857,3.4286,5.3214,5.0357,0.5714,1,1,0,True,True,0,3,3,0,7,8,-1,0.15,0.4643,0.2857,0.6842,-0.2143,-0.125,-0.0893,-0.0357,-0.2143,0.1786,ok,"recent_schedule_notes=Minnesota Twins:ok,Kansas City Royals:ok",2026-06-09T22:44:45.157673+00:00
823700,2026-06-02,2026-06-02T23:40:00+00:00,2026-06-02T23:02:12.073800+00:00,Minnesota Twins,Chicago White Sox,0.5185,0.5926,-0.0741,4.5556,5.1852,5.0,4.4815,-1.1481,1,1,0,True,True,0,3,3,0,7,7,0,0.0,0.5185,0.5926,0.4254,-0.2143,0.2143,-0.4286,0.0185,0.0926,-0.0741,ok,"recent_schedule_notes=Minnesota Twins:ok,Chicago White Sox:ok",2026-06-09T22:44:45.157673+00:00
823701,2026-06-03,2026-06-03T17:40:00+00:00,2026-06-03T14:02:07.840520+00:00,Minnesota Twins,Chicago White Sox,0.5185,0.5926,-0.0741,4.6296,5.2222,5.037,4.5556,-1.0741,1,1,0,True,True,0,3,3,0,7,7,0,0.0,0.5185,0.5926,0.4254,-0.2143,0.2143,-0.4286,0.0185,0.0926,-0.0741,ok,"recent_schedule_notes=Minnesota Twins:ok,Chicago White Sox:ok",2026-06-09T22:44:45.157673+00:00
823702,2026-06-01,2026-06-01T23:40:00+00:00,2026-06-01T23:03:22.306671+00:00,Minnesota Twins,Chicago White Sox,0.4815,0.6296,-0.1481,4.3704,5.1111,5.1852,4.1481,-1.7778,1,1,0,True,True,0,3,3,0,7,7,0,0.0,0.4815,0.6296,0.3533,-0.3571,0.3571,-0.7143,-0.0185,0.1296,-0.1481,ok,"recent_schedule_notes=Minnesota Twins:ok,Chicago White Sox:ok",2026-06-09T22:44:45.157673+00:00
823779,2026-06-04,2026-06-04T18:10:00+00:00,2026-06-04T17:48:36.964964+00:00,Milwaukee Brewers,San Francisco Giants,0.7692,0.3448,0.4244,4.6923,4.7586,2.7308,6.1379,3.3408,1,1,0,True,True,0,3,3,0,7,8,-1,0.15,0.7692,0.3448,0.8636,0.2143,-0.25,0.4643,0.2692,-0.1552,0.4244,ok,"recent_schedule_notes=Milwaukee Brewers:ok,San Francisco Giants:ok",2026-06-09T22:44:45.157673+00:00
823780,2026-06-03,2026-06-03T23:40:00+00:00,2026-06-03T21:48:35.136209+00:00,Milwaukee Brewers,San Francisco Giants,0.7692,0.3448,0.4244,4.8077,4.8276,2.9231,6.2069,3.2639,1,1,0,True,True,0,3,4,-1,7,8,-1,0.5,0.7692,0.3448,0.8636,0.3571,-0.375,0.7321,0.2692,-0.1552,0.4244,ok,"recent_schedule_notes=Milwaukee Brewers:ok,San Francisco Giants:ok",2026-06-09T22:44:45.157673+00:00
823781,2026-06-01,2026-06-01T23:40:00+00:00,2026-06-01T23:03:22.306671+00:00,Milwaukee Brewers,San Francisco Giants,0.7308,0.3448,0.3859,4.1154,4.7241,2.8846,5.6207,2.1273,1,1,0,True,True,0,4,5,-1,7,8,-1,0.5,0.7308,0.3448,0.8376,0.3571,-0.375,0.7321,0.2308,-0.1552,0.3859,ok,"recent_schedule_notes=Milwaukee Brewers:ok,San Francisco Giants:ok",2026-06-09T22:44:45.157673+00:00
823782,2026-06-02,2026-06-02T23:40:00+00:00,2026-06-02T23:02:12.073800+00:00,Milwaukee Brewers,San Francisco Giants,0.7308,0.3448,0.3859,4.5769,4.7586,2.9231,6.0,2.8952,1,1,0,True,True,0,4,5,-1,7,8,-1,0.5,0.7308,0.3448,0.8376,0.3571,-0.375,0.7321,0.2308,-0.1552,0.3859,ok,"recent_schedule_notes=Milwaukee Brewers:ok,San Francisco Giants:ok",2026-06-09T22:44:45.157673+00:00
823857,2026-06-07,2026-06-07T17:40:00+00:00,2026-06-07T10:56:39.401112+00:00,Miami Marlins,Tampa Bay Rays,0.4815,0.5,-0.0185,4.1111,4.7917,4.7407,5.1667,-0.2546,1,1,0,True,True,0,2,2,0,6,6,0,0.0,0.4815,0.5,0.4815,0.1667,-0.1667,0.3333,-0.0185,0.0,-0.0185,ok,"recent_schedule_notes=Miami Marlins:ok,Tampa Bay Rays:ok",2026-06-09T22:44:45.157673+00:00
823858,2026-06-09,2026-06-09T22:40:00+00:00,2026-06-09T22:25:45.628325+00:00,Miami Marlins,Arizona Diamondbacks,0.5,0.5294,-0.0294,4.0385,4.0882,4.5769,4.2647,-0.362,2,2,0,False,False,0,2,3,-1,5,11,-6,1.25,0.5,0.5294,0.4706,0.3,-0.1364,0.4364,0.0,0.0294,-0.0294,ok,"recent_schedule_notes=Miami Marlins:ok,Arizona Diamondbacks:ok",2026-06-09T22:44:45.157673+00:00
823859,2026-06-06,2026-06-06T20:10:00+00:00,2026-06-06T13:40:39.003341+00:00,Miami Marlins,Tampa Bay Rays,0.4815,0.5417,-0.0602,4.1111,5.0,4.7407,5.1667,-0.463,1,1,0,True,True,0,2,2,0,6,6,0,0.0,0.4815,0.5417,0.44,0.0,-0.1667,0.1667,-0.0185,0.0417,-0.0602,ok,"recent_schedule_notes=Miami Marlins:ok,Tampa Bay Rays:ok",2026-06-09T22:44:45.157673+00:00
823860,2026-06-05,2026-06-05T23:10:00+00:00,2026-06-05T23:08:37.410209+00:00,Miami Marlins,Tampa Bay Rays,0.4815,0.5417,-0.0602,4.2593,4.875,4.7778,5.1667,-0.2269,2,2,0,False,False,0,2,2,0,6,6,0,0.0,0.4815,0.5417,0.44,0.0,-0.1667,0.1667,-0.0185,0.0417,-0.0602,ok,"recent_schedule_notes=Miami Marlins:ok,Tampa Bay Rays:ok",2026-06-09T22:44:45.157673+00:00
823941,2026-06-07,2026-06-07T20:10:00+00:00,2026-06-07T10:56:39.401112+00:00,Los Angeles Dodgers,Los Angeles Angels,0.6667,0.3226,0.3441,4.7778,4.1613,2.75,5.6452,3.5116,1,1,0,True,True,0,6,4,2,13,10,3,-1.15,0.6667,0.3226,0.8077,0.1154,-0.3,0.4154,0.1667,-0.1774,0.3441,ok,"recent_schedule_notes=Los Angeles Dodgers:ok,Los Angeles Angels:ok",2026-06-09T22:44:45.157673+00:00
823942,2026-06-06,2026-06-07T02:10:00+00:00,2026-06-06T13:40:39.003341+00:00,Los Angeles Dodgers,Los Angeles Angels,0.6471,0.3448,0.3022,4.7647,4.3793,2.8529,5.6897,3.2221,1,1,0,True,True,0,6,4,2,13,9,4,-1.3,0.6471,0.3448,0.777,0.0385,-0.1667,0.2051,0.1471,-0.1552,0.3022,ok,"recent_schedule_notes=Los Angeles Dodgers:ok,Los Angeles Angels:ok",2026-06-09T22:44:45.157673+00:00
823943,2026-06-05,2026-06-06T02:10:00+00:00,2026-06-05T23:08:37.410209+00:00,Los Angeles Dodgers,Los Angeles Angels,0.6667,0.3793,0.2874,5.1818,4.6552,2.9091,5.7241,3.3417,1,1,0,True,True,0,6,5,1,12,9,3,-0.8,0.6667,0.3793,0.766,0.0833,-0.1667,0.25,0.1667,-0.1207,0.2874,ok,"recent_schedule_notes=Los Angeles Dodgers:ok,Los Angeles Angels:ok",2026-06-09T22:44:45.157673+00:00
823944,2026-05-31,2026-05-31T20:10:00+00:00,2026-05-31T20:07:12.119028+00:00,Los Angeles Dodgers,Philadelphia Phillies,0.6552,0.6429,0.0123,5.0345,4.0357,2.9655,3.1429,1.1761,1,1,0,True,True,0,4,3,1,8,7,1,-0.5,0.6552,0.6429,0.5135,0.375,0.0714,0.3036,0.1552,0.1429,0.0123,ok,"recent_schedule_notes=Los Angeles Dodgers:ok,Philadelphia Phillies:ok",2026-06-09T22:44:45.157673+00:00
823945,2026-05-30,2026-05-31T02:10:00+00:00,2026-05-30T22:01:24.114016+00:00,Los Angeles Dodgers,Philadelphia Phillies,0.6667,0.6786,-0.0119,5.1481,4.1429,2.963,3.1429,1.1852,1,1,0,True,True,0,3,2,1,7,6,1,-0.5,0.6667,0.6786,0.4865,0.5,0.1667,0.3333,0.1667,0.1786,-0.0119,ok,"recent_schedule_notes=Los Angeles Dodgers:ok,Philadelphia Phillies:ok",2026-06-09T22:44:45.157673+00:00
824023,2026-06-09,2026-06-10T01:38:00+00:00,2026-06-09T22:25:45.628325+00:00,Los Angeles Angels,Houston Astros,0.3438,0.5429,-0.1991,4.5938,4.3429,5.5625,4.2571,-1.0545,1,1,0,True,True,0,5,4,1,11,11,0,-0.35,0.3438,0.5429,0.3061,-0.2273,0.0455,-0.2727,-0.1562,0.0429,-0.1991,ok,"recent_schedule_notes=Los Angeles Angels:ok,Houston Astros:ok",2026-06-09T22:44:45.157673+00:00
824024,2026-06-03,2026-06-04T01:38:00+00:00,2026-06-03T23:43:03.467080+00:00,Los Angeles Angels,Colorado Rockies,0.3571,0.4194,-0.0622,4.1071,4.6452,5.6786,6.2258,0.0092,1,1,0,True,True,0,4,5,-1,8,10,-2,0.65,0.3571,0.4194,0.4348,-0.25,0.2,-0.45,-0.1429,-0.0806,-0.0622,ok,"recent_schedule_notes=Los Angeles Angels:ok,Colorado Rockies:ok",2026-06-09T22:44:45.157673+00:00
824025,2026-06-08,2026-06-09T01:38:00+00:00,2026-06-08T23:48:33.404711+00:00,Los Angeles Angels,Houston Astros,0.3438,0.5143,-0.1705,4.5,4.2286,5.8438,4.2286,-1.3438,1,1,0,True,True,0,5,5,0,11,10,1,-0.15,0.3438,0.5143,0.331,-0.2273,0.0,-0.2273,-0.1562,0.0143,-0.1705,ok,"recent_schedule_notes=Los Angeles Angels:ok,Houston Astros:ok",2026-06-09T22:44:45.157673+00:00
824026,2026-06-02,2026-06-03T01:38:00+00:00,2026-06-02T23:02:12.073800+00:00,Los Angeles Angels,Colorado Rockies,0.3704,0.3667,0.0037,3.9259,4.4333,5.4444,6.4667,0.5148,1,1,0,True,True,0,3,5,-2,7,9,-2,1.0,0.3704,0.3667,0.504,-0.0714,0.0556,-0.127,-0.1296,-0.1333,0.0037,ok,"recent_schedule_notes=Los Angeles Angels:ok,Colorado Rockies:ok",2026-06-09T22:44:45.157673+00:00
824027,2026-06-01,2026-06-02T01:38:00+00:00,2026-06-01T23:03:22.306671+00:00,Los Angeles Angels,Colorado Rockies,0.4074,0.3333,0.0741,3.7778,4.1667,5.2222,6.5,0.8889,1,1,0,True,True,0,3,5,-2,6,9,-3,1.15,0.4074,0.3333,0.5789,0.0,-0.0556,0.0556,-0.0926,-0.1667,0.0741,ok,"recent_schedule_notes=Los Angeles Angels:ok,Colorado Rockies:ok",2026-06-09T22:44:45.157673+00:00
824105,2026-06-09,2026-06-09T23:40:00+00:00,2026-06-09T22:25:45.628325+00:00,Kansas City Royals,Texas Rangers,0.2857,0.5333,-0.2476,3.4286,4.4,5.1071,3.6,-2.4786,2,2,0,False,False,0,3,3,0,7,6,1,-0.15,0.2857,0.5333,0.2593,0.0714,0.1667,-0.0952,-0.2143,0.0333,-0.2476,ok,"recent_schedule_notes=Kansas City Royals:ok,Texas Rangers:ok",2026-06-09T22:44:45.157673+00:00
824183,2026-06-07,2026-06-07T18:10:00+00:00,2026-06-07T10:56:39.401112+00:00,Houston Astros,Athletics,0.5429,0.4242,0.1186,4.5143,3.7879,4.0857,5.1515,1.7922,1,1,0,True,True,0,6,6,0,10,11,-1,0.15,0.5429,0.4242,0.6171,0.0,-0.0455,0.0455,0.0429,-0.0758,0.1186,ok,"recent_schedule_notes=Houston Astros:ok,Athletics:ok",2026-06-09T22:44:45.157673+00:00
824184,2026-06-06,2026-06-06T20:10:00+00:00,2026-06-06T13:40:39.003341+00:00,Houston Astros,Athletics,0.5152,0.4688,0.0464,4.2424,4.1875,4.2424,4.7812,0.5938,1,1,0,True,True,0,6,6,0,10,11,-1,0.15,0.5152,0.4688,0.5463,-0.1,0.0455,-0.1455,0.0152,-0.0312,0.0464,ok,"recent_schedule_notes=Houston Astros:ok,Athletics:ok",2026-06-09T22:44:45.157673+00:00
824185,2026-06-04,2026-06-05T00:10:00+00:00,2026-06-04T22:20:52.609536+00:00,Houston Astros,Pittsburgh Pirates,0.5161,0.5357,-0.0196,4.0645,5.3571,4.2903,5.1429,-0.4401,1,1,0,True,True,0,3,3,0,10,7,3,-0.45,0.5161,0.5357,0.4804,0.0,0.2143,-0.2143,0.0161,0.0357,-0.0196,ok,"recent_schedule_notes=Houston Astros:ok,Pittsburgh Pirates:ok",2026-06-09T22:44:45.157673+00:00
824186,2026-06-05,2026-06-06T00:10:00+00:00,2026-06-05T23:08:37.410209+00:00,Houston Astros,Athletics,0.5,0.4839,0.0161,4.25,4.1935,4.5625,4.7419,0.2359,1,1,0,True,True,0,5,5,0,10,10,0,0.0,0.5,0.4839,0.5161,-0.1,0.1,-0.2,0.0,-0.0161,0.0161,ok,"recent_schedule_notes=Houston Astros:ok,Athletics:ok",2026-06-09T22:44:45.157673+00:00
824187,2026-05-31,2026-05-31T18:10:00+00:00,2026-05-31T18:01:13.612831+00:00,Houston Astros,Milwaukee Brewers,0.5484,0.7308,-0.1824,3.7419,4.2692,3.7742,2.9231,-1.3784,1,1,0,True,True,0,6,3,3,10,7,3,-1.5,0.5484,0.7308,0.3091,0.2,0.2143,-0.0143,0.0484,0.2308,-0.1824,ok,"recent_schedule_notes=Houston Astros:ok,Milwaukee Brewers:ok",2026-06-09T22:44:45.157673+00:00
824188,2026-06-03,2026-06-04T00:10:00+00:00,2026-06-03T23:43:03.467080+00:00,Houston Astros,Pittsburgh Pirates,0.5,0.5385,-0.0385,3.7333,5.0385,4.0667,4.8846,-0.4872,1,1,0,True,True,0,2,2,0,9,6,3,-0.45,0.5,0.5385,0.4615,0.0556,0.1667,-0.1111,0.0,0.0385,-0.0385,ok,"recent_schedule_notes=Houston Astros:ok,Pittsburgh Pirates:ok",2026-06-09T22:44:45.157673+00:00
824189,2026-06-02,2026-06-03T00:10:00+00:00,2026-06-02T23:02:12.073800+00:00,Houston Astros,Pittsburgh Pirates,0.5333,0.5385,-0.0051,3.6333,4.6923,3.7667,4.6538,-0.1718,2,2,0,False,False,0,3,2,1,9,6,3,-0.8,0.5333,0.5385,0.4948,0.0556,0.1667,-0.1111,0.0333,0.0385,-0.0051,ok,"recent_schedule_notes=Houston Astros:ok,Pittsburgh Pirates:ok",2026-06-09T22:44:45.157673+00:00
824190,2026-05-30,2026-05-30T20:10:00+00:00,2026-05-30T19:14:08.902169+00:00,Houston Astros,Milwaukee Brewers,0.5484,0.76,-0.2116,3.7742,4.68,4.0323,2.56,-2.3781,1,1,0,True,True,0,5,2,3,9,6,3,-1.5,0.5484,0.76,0.2772,0.2778,0.1667,0.1111,0.0484,0.26,-0.2116,ok,"recent_schedule_notes=Houston Astros:ok,Milwaukee Brewers:ok",2026-06-09T22:44:45.157673+00:00
824267,2026-06-09,2026-06-09T22:40:00+00:00,2026-06-09T22:25:45.628325+00:00,Detroit Tigers,Minnesota Twins,0.3704,0.5,-0.1296,3.5185,4.4286,4.3333,4.8214,-0.422,2,2,0,False,False,0,2,3,-1,5,7,-2,0.65,0.3704,0.5,0.3704,0.3,-0.0714,0.3714,-0.1296,0.0,-0.1296,ok,"recent_schedule_notes=Detroit Tigers:ok,Minnesota Twins:ok",2026-06-09T22:44:45.157673+00:00
824268,2026-06-07,2026-06-07T17:40:00+00:00,2026-06-07T10:56:39.401112+00:00,Detroit Tigers,Seattle Mariners,0.3214,0.6452,-0.3237,3.3571,4.6452,4.3571,3.4516,-2.1935,1,1,0,True,True,0,2,2,0,6,9,-3,0.45,0.3214,0.6452,0.2067,0.1667,0.2778,-0.1111,-0.1786,0.1452,-0.3237,ok,"recent_schedule_notes=Detroit Tigers:ok,Seattle Mariners:ok",2026-06-09T22:44:45.157673+00:00
824269,2026-06-06,2026-06-06T17:10:00+00:00,2026-06-06T13:40:39.003341+00:00,Detroit Tigers,Seattle Mariners,0.3333,0.6333,-0.3,3.4815,4.6667,4.3704,3.5667,-1.9889,1,1,0,True,True,0,2,3,-1,6,10,-4,0.95,0.3333,0.6333,0.2245,0.1667,0.3,-0.1333,-0.1667,0.1333,-0.3,ok,"recent_schedule_notes=Detroit Tigers:ok,Seattle Mariners:ok",2026-06-09T22:44:45.157673+00:00
824271,2026-06-05,2026-06-05T22:40:00+00:00,2026-06-05T21:25:18.854859+00:00,Detroit Tigers,Seattle Mariners,0.2963,0.6667,-0.3704,3.2222,4.6667,4.4074,3.3667,-2.4852,2,2,0,False,False,0,2,4,-2,6,10,-4,1.3,0.2963,0.6667,0.1739,0.0,0.4,-0.4,-0.2037,0.1667,-0.3704,ok,"recent_schedule_notes=Detroit Tigers:ok,Seattle Mariners:ok",2026-06-09T22:44:45.157673+00:00
824347,2026-06-09,2026-06-10T00:40:00+00:00,2026-06-09T22:25:45.628325+00:00,Colorado Rockies,Chicago Cubs,0.3529,0.2667,0.0863,4.5588,3.3667,6.7353,5.0,-0.5431,2,1,1,False,True,-1,4,3,1,10,10,0,0.15,0.3529,0.2667,0.6,-0.2,-0.2,0.0,-0.1471,-0.2333,0.0863,ok,"recent_schedule_notes=Colorado Rockies:ok,Chicago Cubs:ok",2026-06-09T22:44:45.157673+00:00
824349,2026-06-07,2026-06-07T19:10:00+00:00,2026-06-07T10:56:39.401112+00:00,Colorado Rockies,Milwaukee Brewers,0.3824,0.7586,-0.3763,4.7647,5.1724,6.6471,3.3103,-3.7444,1,1,0,True,True,0,4,4,0,11,8,3,-0.45,0.3824,0.7586,0.1646,-0.0455,0.25,-0.2955,-0.1176,0.2586,-0.3763,ok,"recent_schedule_notes=Colorado Rockies:ok,Milwaukee Brewers:ok",2026-06-09T22:44:45.157673+00:00
824350,2026-06-05,2026-06-06T00:40:00+00:00,2026-06-05T23:08:37.410209+00:00,Colorado Rockies,Milwaukee Brewers,0.4242,0.7407,-0.3165,4.7879,4.8519,6.4545,3.0741,-3.4444,1,1,0,True,True,0,5,3,2,11,8,3,-1.15,0.4242,0.7407,0.205,0.2273,0.125,0.1023,-0.0758,0.2407,-0.3165,ok,"recent_schedule_notes=Colorado Rockies:ok,Milwaukee Brewers:ok",2026-06-09T22:44:45.157673+00:00
824351,2026-06-06,2026-06-07T01:10:00+00:00,2026-06-06T13:40:39.003341+00:00,Colorado Rockies,Milwaukee Brewers,0.4242,0.7407,-0.3165,4.8485,4.963,6.4242,3.2593,-3.2795,1,1,0,True,True,0,4,3,1,11,8,3,-0.8,0.4242,0.7407,0.205,0.1364,0.125,0.0114,-0.0758,0.2407,-0.3165,ok,"recent_schedule_notes=Colorado Rockies:ok,Milwaukee Brewers:ok",2026-06-09T22:44:45.157673+00:00
824352,2026-05-30,2026-05-31T01:10:00+00:00,2026-05-30T22:01:24.114016+00:00,Colorado Rockies,San Francisco Giants,0.25,0.3214,-0.0714,3.75,4.0357,6.3571,5.1786,-1.4643,1,1,0,True,True,0,3,2,1,7,6,1,-0.5,0.25,0.3214,0.413,-0.3571,-0.1667,-0.1905,-0.25,-0.1786,-0.0714,ok,"recent_schedule_notes=Colorado Rockies:ok,San Francisco Giants:ok",2026-06-09T22:44:45.157673+00:00
824354,2026-05-31,2026-05-31T19:10:00+00:00,2026-05-31T18:01:13.612831+00:00,Colorado Rockies,San Francisco Giants,0.3103,0.3214,-0.0111,4.0345,4.1071,6.2414,5.4286,-0.8855,1,1,0,True,True,0,4,3,1,8,7,1,-0.5,0.3103,0.3214,0.4872,-0.125,-0.3571,0.2321,-0.1897,-0.1786,-0.0111,ok,"recent_schedule_notes=Colorado Rockies:ok,San Francisco Giants:ok",2026-06-09T22:44:45.157673+00:00
824427,2026-06-08,2026-06-08T22:40:00+00:00,2026-06-08T22:28:08.345647+00:00,Cleveland Guardians,New York Yankees,0.5714,0.4815,0.0899,3.7857,4.7037,3.7143,3.7778,-0.8545,1,1,0,True,True,0,4,2,2,7,5,2,-1.0,0.5714,0.4815,0.5895,-0.0714,-0.1,0.0286,0.0714,-0.0185,0.0899,ok,"recent_schedule_notes=Cleveland Guardians:ok,New York Yankees:ok",2026-06-09T22:44:45.157673+00:00
824429,2026-06-09,2026-06-09T22:40:00+00:00,2026-06-09T22:25:45.628325+00:00,Cleveland Guardians,New York Yankees,0.5714,0.5185,0.0529,3.9286,4.8519,3.8929,3.8148,-1.0013,1,1,0,True,True,0,4,2,2,8,6,2,-1.0,0.5714,0.5185,0.5532,-0.125,0.0,-0.125,0.0714,0.0185,0.0529,ok,"recent_schedule_notes=Cleveland Guardians:ok,New York Yankees:ok",2026-06-09T22:44:45.157673+00:00
824430,2026-05-31,2026-05-31T17:40:00+00:00,2026-05-31T16:07:50.641249+00:00,Cleveland Guardians,Boston Red Sox,0.6429,0.4615,0.1813,4.3571,3.8077,3.8571,3.5769,0.2692,1,1,0,True,True,0,2,3,-1,6,6,0,0.35,0.6429,0.4615,0.6774,0.0,-0.1667,0.1667,0.1429,-0.0385,0.1813,ok,"recent_schedule_notes=Cleveland Guardians:ok,Boston Red Sox:ok",2026-06-09T22:44:45.157673+00:00
824431,2026-05-30,2026-05-30T20:10:00+00:00,2026-05-30T19:14:08.902169+00:00,Cleveland Guardians,Boston Red Sox,0.6667,0.44,0.2267,4.4815,3.6,3.6667,3.68,0.8948,1,1,0,True,True,0,2,3,-1,6,6,0,0.35,0.6667,0.44,0.7179,0.0,-0.3333,0.3333,0.1667,-0.06,0.2267,ok,"recent_schedule_notes=Cleveland Guardians:ok,Boston Red Sox:ok",2026-06-09T22:44:45.157673+00:00
824509,2026-06-03,2026-06-03T23:10:00+00:00,2026-06-03T21:48:35.136209+00:00,Cincinnati Reds,Kansas City Royals,0.4231,0.2857,0.1374,4.6538,3.3571,5.2692,4.9286,0.956,1,1,0,True,True,0,3,3,0,6,7,-1,0.15,0.4231,0.2857,0.6471,-0.1667,-0.3571,0.1905,-0.0769,-0.2143,0.1374,ok,"recent_schedule_notes=Cincinnati Reds:ok,Kansas City Royals:ok",2026-06-09T22:44:45.157673+00:00
824510,2026-06-01,2026-06-01T23:10:00+00:00,2026-06-01T23:03:22.306671+00:00,Cincinnati Reds,Kansas City Royals,0.3846,0.3214,0.0632,4.6923,3.1786,5.5,4.8214,0.8352,1,1,0,True,True,0,3,4,-1,6,7,-1,0.5,0.3846,0.3214,0.5689,0.0,-0.5,0.5,-0.1154,-0.1786,0.0632,ok,"recent_schedule_notes=Cincinnati Reds:ok,Kansas City Royals:ok",2026-06-09T22:44:45.157673+00:00
824511,2026-06-02,2026-06-02T23:10:00+00:00,2026-06-02T23:02:12.073800+00:00,Cincinnati Reds,Kansas City Royals,0.3846,0.3214,0.0632,4.5,3.3929,5.1923,4.8214,0.7363,1,1,0,True,True,0,3,4,-1,6,7,-1,0.5,0.3846,0.3214,0.5689,-0.1667,-0.3571,0.1905,-0.1154,-0.1786,0.0632,ok,"recent_schedule_notes=Cincinnati Reds:ok,Kansas City Royals:ok",2026-06-09T22:44:45.157673+00:00
824512,2026-05-31,2026-05-31T17:40:00+00:00,2026-05-31T16:07:50.641249+00:00,Cincinnati Reds,Atlanta Braves,0.3462,0.6667,-0.3205,4.5,5.0,5.6923,3.3333,-2.859,1,1,0,True,True,0,2,3,-1,5,6,-1,0.5,0.3462,0.6667,0.2093,-0.1,0.1667,-0.2667,-0.1538,0.1667,-0.3205,ok,"recent_schedule_notes=Cincinnati Reds:ok,Atlanta Braves:ok",2026-06-09T22:44:45.157673+00:00
824513,2026-05-30,2026-05-30T23:15:00+00:00,2026-05-30T22:01:24.114016+00:00,Cincinnati Reds,Atlanta Braves,0.3846,0.6296,-0.245,4.6538,4.8889,5.6538,3.4444,-2.4444,1,1,0,True,True,0,2,3,-1,6,6,0,0.35,0.3846,0.6296,0.2688,0.0,0.0,0.0,-0.1154,0.1296,-0.245,ok,"recent_schedule_notes=Cincinnati Reds:ok,Atlanta Braves:ok",2026-06-09T22:44:45.157673+00:00
824591,2026-06-09,2026-06-09T23:40:00+00:00,2026-06-09T22:25:45.628325+00:00,Chicago White Sox,Atlanta Braves,0.6154,0.6923,-0.0769,5.4231,4.7308,4.5385,3.4231,-0.4231,2,2,0,False,False,0,2,2,0,5,6,-1,0.15,0.6154,0.6923,0.4156,-0.1,0.3333,-0.4333,0.1154,0.1923,-0.0769,ok,"recent_schedule_notes=Chicago White Sox:ok,Atlanta Braves:ok",2026-06-09T22:44:45.157673+00:00
824592,2026-05-31,2026-05-31T18:10:00+00:00,2026-05-31T18:01:13.612831+00:00,Chicago White Sox,Detroit Tigers,0.6296,0.25,0.3796,5.3333,3.0,4.1852,4.5714,2.7196,1,1,0,True,True,0,3,3,0,7,7,0,0.0,0.6296,0.25,0.8361,0.2143,-0.2143,0.4286,0.1296,-0.25,0.3796,ok,"recent_schedule_notes=Chicago White Sox:ok,Detroit Tigers:ok",2026-06-09T22:44:45.157673+00:00
824593,2026-05-30,2026-05-30T18:10:00+00:00,2026-05-30T17:21:45.615146+00:00,Chicago White Sox,Detroit Tigers,0.6154,0.2857,0.3297,5.2692,3.1429,4.3077,4.3929,2.2115,1,1,0,True,True,0,3,3,0,7,7,0,0.0,0.6154,0.2857,0.8,0.0714,-0.0714,0.1429,0.1154,-0.2143,0.3297,ok,"recent_schedule_notes=Chicago White Sox:ok,Detroit Tigers:ok",2026-06-09T22:44:45.157673+00:00
824669,2026-06-06,2026-06-06T18:20:00+00:00,2026-06-06T13:40:39.003341+00:00,Chicago Cubs,San Francisco Giants,0.3,0.4138,-0.1138,3.7,5.5862,5.1333,6.0345,-0.9851,1,1,0,True,True,0,6,3,3,9,9,0,-1.05,0.3,0.4138,0.3778,-0.1667,-0.0556,-0.1111,-0.2,-0.0862,-0.1138,ok,"recent_schedule_notes=Chicago Cubs:ok,San Francisco Giants:ok",2026-06-09T22:44:45.157673+00:00
824670,2026-06-07,2026-06-08T00:30:00+00:00,2026-06-07T10:56:39.401112+00:00,Chicago Cubs,San Francisco Giants,0.3,0.4,-0.1,3.5333,5.4667,5.1,5.9333,-1.1,1,1,0,True,True,0,5,3,2,9,8,1,-0.85,0.3,0.4,0.3913,-0.1667,0.0,-0.1667,-0.2,-0.1,-0.1,ok,"recent_schedule_notes=Chicago Cubs:ok,San Francisco Giants:ok",2026-06-09T22:44:45.157673+00:00
824671,2026-06-03,2026-06-04T00:05:00+00:00,2026-06-03T23:43:03.467080+00:00,Chicago Cubs,Athletics,0.3704,0.4286,-0.0582,3.7037,4.0357,4.5926,5.0,0.0754,1,1,0,True,True,0,2,3,-1,6,7,-1,0.5,0.3704,0.4286,0.4396,0.0,-0.0714,0.0714,-0.1296,-0.0714,-0.0582,ok,"recent_schedule_notes=Chicago Cubs:ok,Athletics:ok",2026-06-09T22:44:45.157673+00:00
824672,2026-06-04,2026-06-05T00:05:00+00:00,2026-06-04T22:20:52.609536+00:00,Chicago Cubs,Athletics,0.3214,0.4667,-0.1452,3.5714,4.0,4.5357,4.8333,-0.131,1,1,0,True,True,0,3,3,0,7,8,-1,0.15,0.3214,0.4667,0.3512,-0.2143,0.125,-0.3393,-0.1786,-0.0333,-0.1452,ok,"recent_schedule_notes=Chicago Cubs:ok,Athletics:ok",2026-06-09T22:44:45.157673+00:00
824673,2026-06-05,2026-06-05T18:20:00+00:00,2026-06-05T17:54:01.846132+00:00,Chicago Cubs,San Francisco Giants,0.3103,0.3793,-0.069,3.7241,5.0,4.6897,6.1034,0.1379,1,1,0,True,True,0,5,3,2,8,9,-1,-0.55,0.3103,0.3793,0.4241,-0.25,-0.1667,-0.0833,-0.1897,-0.1207,-0.069,ok,"recent_schedule_notes=Chicago Cubs:ok,San Francisco Giants:ok",2026-06-09T22:44:45.157673+00:00
824675,2026-06-02,2026-06-03T00:05:00+00:00,2026-06-02T23:02:12.073800+00:00,Chicago Cubs,Athletics,0.4074,0.4286,-0.0212,3.963,4.2143,4.6667,5.0,0.082,2,2,0,False,False,0,2,4,-2,6,7,-1,0.85,0.4074,0.4286,0.4783,0.0,-0.2143,0.2143,-0.0926,-0.0714,-0.0212,ok,"recent_schedule_notes=Chicago Cubs:ok,Athletics:ok",2026-06-09T22:44:45.157673+00:00
824753,2026-06-04,2026-06-04T17:35:00+00:00,2026-06-04T14:58:51.159192+00:00,Boston Red Sox,Baltimore Orioles,0.48,0.5,-0.02,4.24,4.5,3.52,4.6786,0.8986,1,1,0,True,True,0,2,2,0,6,6,0,0.0,0.48,0.5,0.48,0.0,0.0,0.0,-0.02,0.0,-0.02,ok,"recent_schedule_notes=Boston Red Sox:ok,Baltimore Orioles:ok",2026-06-09T22:44:45.157673+00:00
824754,2026-06-02,2026-06-02T22:45:00+00:00,2026-06-02T21:54:22.349462+00:00,Boston Red Sox,Baltimore Orioles,0.48,0.4643,0.0157,4.08,4.4643,3.6,5.1429,1.1586,2,2,0,False,False,0,2,2,0,6,6,0,0.0,0.48,0.4643,0.5158,0.0,0.1667,-0.1667,-0.02,-0.0357,0.0157,ok,"recent_schedule_notes=Boston Red Sox:ok,Baltimore Orioles:ok",2026-06-09T22:44:45.157673+00:00
824755,2026-06-03,2026-06-03T22:45:00+00:00,2026-06-03T21:48:35.136209+00:00,Boston Red Sox,Baltimore Orioles,0.48,0.5,-0.02,4.12,4.5,3.64,4.8214,0.8014,1,1,0,True,True,0,2,2,0,6,6,0,0.0,0.48,0.5,0.48,0.0,0.1667,-0.1667,-0.02,0.0,-0.02,ok,"recent_schedule_notes=Boston Red Sox:ok,Baltimore Orioles:ok",2026-06-09T22:44:45.157673+00:00
824829,2026-06-08,2026-06-08T22:35:00+00:00,2026-06-08T22:28:08.345647+00:00,Baltimore Orioles,Seattle Mariners,0.5,0.6129,-0.1129,4.75,4.3871,4.6071,3.3548,-0.8894,1,1,0,True,True,0,3,3,0,6,8,-2,0.3,0.5,0.6129,0.3871,0.0,0.125,-0.125,0.0,0.1129,-0.1129,ok,"recent_schedule_notes=Baltimore Orioles:ok,Seattle Mariners:ok",2026-06-09T22:44:45.157673+00:00
824830,2026-06-09,2026-06-09T22:35:00+00:00,2026-06-09T22:25:45.628325+00:00,Baltimore Orioles,Seattle Mariners,0.5,0.6452,-0.1452,4.7857,4.5484,4.6071,3.2581,-1.1118,1,1,0,True,True,0,3,3,0,7,8,-1,0.15,0.5,0.6452,0.3548,-0.0714,0.125,-0.1964,0.0,0.1452,-0.1452,ok,"recent_schedule_notes=Baltimore Orioles:ok,Seattle Mariners:ok",2026-06-09T22:44:45.157673+00:00
824832,2026-05-31,2026-05-31T16:15:00+00:00,2026-05-31T16:07:50.641249+00:00,Baltimore Orioles,Toronto Blue Jays,0.4138,0.5357,-0.1219,4.2069,4.1786,5.3448,3.4286,-1.8879,1,1,0,True,True,0,3,3,0,8,7,1,-0.15,0.4138,0.5357,0.3796,0.125,0.0714,0.0536,-0.0862,0.0357,-0.1219,ok,"recent_schedule_notes=Baltimore Orioles:ok,Toronto Blue Jays:ok",2026-06-09T22:44:45.157673+00:00
824833,2026-05-30,2026-05-30T20:05:00+00:00,2026-05-30T19:14:08.902169+00:00,Baltimore Orioles,Toronto Blue Jays,0.4,0.5357,-0.1357,4.3667,4.0357,5.4667,3.4643,-1.6714,1,1,0,True,True,0,3,3,0,8,7,1,-0.15,0.4,0.5357,0.3662,0.0,0.2143,-0.2143,-0.1,0.0357,-0.1357,ok,"recent_schedule_notes=Baltimore Orioles:ok,Toronto Blue Jays:ok",2026-06-09T22:44:45.157673+00:00
824914,2026-06-05,2026-06-05T23:15:00+00:00,2026-06-05T23:08:37.410209+00:00,Atlanta Braves,Pittsburgh Pirates,0.6154,0.5517,0.0637,4.5,5.6552,3.4231,5.069,0.4907,1,1,0,True,True,0,3,5,-2,6,8,-2,1.0,0.6154,0.5517,0.5652,0.1667,0.25,-0.0833,0.1154,0.0517,0.0637,ok,"recent_schedule_notes=Atlanta Braves:ok,Pittsburgh Pirates:ok",2026-06-09T22:44:45.157673+00:00
824915,2026-06-06,2026-06-06T20:10:00+00:00,2026-06-06T13:40:39.003341+00:00,Atlanta Braves,Pittsburgh Pirates,0.6538,0.5333,0.1205,4.6923,5.7,3.4231,5.1333,0.7026,1,1,0,True,True,0,3,6,-3,6,9,-3,1.5,0.6538,0.5333,0.623,0.1667,0.1667,0.0,0.1538,0.0333,0.1205,ok,"recent_schedule_notes=Atlanta Braves:ok,Pittsburgh Pirates:ok",2026-06-09T22:44:45.157673+00:00
824916,2026-06-07,2026-06-07T17:35:00+00:00,2026-06-07T10:56:39.401112+00:00,Atlanta Braves,Pittsburgh Pirates,0.6667,0.5,0.1667,4.7407,5.6667,3.4074,5.2667,0.9333,1,1,0,True,True,0,3,5,-2,6,9,-3,1.15,0.6667,0.5,0.6667,0.1667,0.0556,0.1111,0.1667,0.0,0.1667,ok,"recent_schedule_notes=Atlanta Braves:ok,Pittsburgh Pirates:ok",2026-06-09T22:44:45.157673+00:00
824917,2026-06-03,2026-06-03T23:15:00+00:00,2026-06-03T21:48:35.136209+00:00,Atlanta Braves,Toronto Blue Jays,0.6154,0.4815,0.1339,4.4231,3.8519,3.3077,3.6296,0.8932,1,1,0,True,True,0,2,2,0,6,6,0,0.0,0.6154,0.4815,0.6328,0.1667,0.0,0.1667,0.1154,-0.0185,0.1339,ok,"recent_schedule_notes=Atlanta Braves:ok,Toronto Blue Jays:ok",2026-06-09T22:44:45.157673+00:00
824918,2026-06-02,2026-06-02T23:15:00+00:00,2026-06-02T23:02:12.073800+00:00,Atlanta Braves,Toronto Blue Jays,0.6154,0.4815,0.1339,4.6923,3.8519,3.4231,3.6296,1.047,2,2,0,False,False,0,2,2,0,6,6,0,0.0,0.6154,0.4815,0.6328,0.1667,0.1667,0.0,0.1154,-0.0185,0.1339,ok,"recent_schedule_notes=Atlanta Braves:ok,Toronto Blue Jays:ok",2026-06-09T22:44:45.157673+00:00
824919,2026-06-04,2026-06-04T23:15:00+00:00,2026-06-04T22:20:52.609536+00:00,Atlanta Braves,Toronto Blue Jays,0.6538,0.4815,0.1724,4.5385,3.9259,3.2308,3.7037,1.0855,1,1,0,True,True,0,2,2,0,6,6,0,0.0,0.6538,0.4815,0.6704,0.3333,-0.1667,0.5,0.1538,-0.0185,0.1724,ok,"recent_schedule_notes=Atlanta Braves:ok,Toronto Blue Jays:ok",2026-06-09T22:44:45.157673+00:00
824998,2026-06-08,2026-06-09T02:05:00+00:00,2026-06-08T23:48:33.404711+00:00,Athletics,Milwaukee Brewers,0.4242,0.7667,-0.3424,3.8182,5.4333,5.0606,3.3667,-3.3091,1,1,0,True,True,0,5,5,0,10,9,1,-0.15,0.4242,0.7667,0.1832,0.0,0.2778,-0.2778,-0.0758,0.2667,-0.3424,ok,"recent_schedule_notes=Athletics:ok,Milwaukee Brewers:ok",2026-06-09T22:44:45.157673+00:00
824999,2026-06-09,2026-06-10T02:05:00+00:00,2026-06-09T22:25:45.628325+00:00,Athletics,Milwaukee Brewers,0.3939,0.7667,-0.3727,4.0606,5.8,5.4545,3.7333,-3.4606,1,1,0,True,True,0,4,5,-1,11,9,2,0.05,0.3939,0.7667,0.1652,-0.0455,0.2778,-0.3232,-0.1061,0.2667,-0.3727,ok,"recent_schedule_notes=Athletics:ok,Milwaukee Brewers:ok",2026-06-09T22:44:45.157673+00:00
825000,2026-05-30,2026-05-31T02:05:00+00:00,2026-05-30T22:01:24.114016+00:00,Athletics,New York Yankees,0.4074,0.5769,-0.1695,4.1852,5.1923,5.037,3.3462,-2.698,1,1,0,True,True,0,2,2,0,6,5,1,-0.15,0.4074,0.5769,0.3352,-0.3333,0.5,-0.8333,-0.0926,0.0769,-0.1695,ok,"recent_schedule_notes=Athletics:ok,New York Yankees:ok",2026-06-09T22:44:45.157673+00:00
825001,2026-05-31,2026-05-31T20:05:00+00:00,2026-05-31T18:01:13.612831+00:00,Athletics,New York Yankees,0.3929,0.5714,-0.1786,4.1071,5.25,5.1786,3.3929,-2.9286,1,1,0,True,True,0,3,3,0,7,7,0,0.0,0.3929,0.5714,0.3267,-0.2143,0.3571,-0.5714,-0.1071,0.0714,-0.1786,ok,"recent_schedule_notes=Athletics:ok,New York Yankees:ok",2026-06-09T22:44:45.157673+00:00
825073,2026-06-05,2026-06-06T01:40:00+00:00,2026-06-05T23:08:37.410209+00:00,Arizona Diamondbacks,Washington Nationals,0.5152,0.5556,-0.0404,4.0303,5.4815,3.5455,4.9259,-0.0707,1,2,-1,True,False,1,6,2,4,12,6,6,-2.8,0.5152,0.5556,0.4595,-0.25,-0.1667,-0.0833,0.0152,0.0556,-0.0404,ok,"recent_schedule_notes=Arizona Diamondbacks:ok,Washington Nationals:ok",2026-06-09T22:44:45.157673+00:00
825074,2026-06-07,2026-06-07T19:15:00+00:00,2026-06-07T10:56:39.401112+00:00,Arizona Diamondbacks,Washington Nationals,0.5143,0.5714,-0.0571,3.9143,5.7143,4.2286,4.6071,-1.4214,1,1,0,True,True,0,6,3,3,13,7,6,-1.95,0.5143,0.5714,0.4426,-0.1923,0.0714,-0.2637,0.0143,0.0714,-0.0571,ok,"recent_schedule_notes=Arizona Diamondbacks:ok,Washington Nationals:ok",2026-06-09T22:44:45.157673+00:00
825075,2026-06-06,2026-06-06T20:10:00+00:00,2026-06-06T13:40:39.003341+00:00,Arizona Diamondbacks,Washington Nationals,0.5294,0.5556,-0.0261,4.0294,5.4444,3.8824,4.8889,-0.4085,1,1,0,True,True,0,6,2,4,13,6,7,-2.45,0.5294,0.5556,0.4737,-0.1923,0.0,-0.1923,0.0294,0.0556,-0.0261,ok,"recent_schedule_notes=Arizona Diamondbacks:ok,Washington Nationals:ok",2026-06-09T22:44:45.157673+00:00
825076,2026-06-04,2026-06-05T01:40:00+00:00,2026-06-04T22:20:52.609536+00:00,Arizona Diamondbacks,Los Angeles Dodgers,0.5312,0.6562,-0.125,4.3438,5.0938,3.375,2.9688,-1.1562,1,1,0,True,True,0,5,5,0,10,11,-1,0.15,0.5312,0.6562,0.3725,-0.3,0.1364,-0.4364,0.0312,0.1562,-0.125,ok,"recent_schedule_notes=Arizona Diamondbacks:ok,Los Angeles Dodgers:ok",2026-06-09T22:44:45.157673+00:00
825077,2026-06-03,2026-06-04T01:40:00+00:00,2026-06-03T23:43:03.467080+00:00,Arizona Diamondbacks,Los Angeles Dodgers,0.5667,0.6452,-0.0785,4.4667,5.0968,3.1667,3.0,-0.7968,1,1,0,True,True,0,5,5,0,9,10,-1,0.15,0.5667,0.6452,0.4183,-0.1667,0.1,-0.2667,0.0667,0.1452,-0.0785,ok,"recent_schedule_notes=Arizona Diamondbacks:ok,Los Angeles Dodgers:ok",2026-06-09T22:44:45.157673+00:00
825078,2026-06-01,2026-06-02T01:40:00+00:00,2026-06-01T23:03:22.306671+00:00,Arizona Diamondbacks,Los Angeles Dodgers,0.5172,0.6667,-0.1494,4.3103,5.2,3.3448,2.8,-1.4345,1,1,0,True,True,0,5,5,0,8,9,-1,0.15,0.5172,0.6667,0.3488,-0.125,0.2778,-0.4028,0.0172,0.1667,-0.1494,ok,"recent_schedule_notes=Arizona Diamondbacks:ok,Los Angeles Dodgers:ok",2026-06-09T22:44:45.157673+00:00
825079,2026-06-02,2026-06-03T01:40:00+00:00,2026-06-02T23:02:12.073800+00:00,Arizona Diamondbacks,Los Angeles Dodgers,0.5517,0.6667,-0.1149,4.4483,5.1667,3.3103,2.8333,-1.1954,1,1,0,True,True,0,5,5,0,8,9,-1,0.15,0.5517,0.6667,0.381,-0.125,0.1667,-0.2917,0.0517,0.1667,-0.1149,ok,"recent_schedule_notes=Arizona Diamondbacks:ok,Los Angeles Dodgers:ok",2026-06-09T22:44:45.157673+00:00
